caseid,dur_min,hypo_at,hypo_len,hypo_min,bis_at,bis_len,bis_max,noise_at,noise_len,bis_in,mbp_lt65,spo2_lt94,art_bad,sqi_lt50,category
3478,210,181.0,337,49.0,,0,,,0,0.203,0.231,0.0,0.001,0.019,hypotension
1995,185,116.0,396,33.0,,0,,,0,0.884,0.441,0.0,0.0,0.002,hypotension
2680,177,161.0,311,54.0,,0,,,0,0.946,0.178,0.0,0.0,0.008,hypotension
5538,85,16.0,308,45.0,,0,,,0,0.934,0.209,0.001,0.0,0.028,hypotension
2136,235,82.0,504,57.0,,0,,,0,0.976,0.146,0.0,0.005,0.003,hypotension
4040,190,,0,,33.0,219,69.0,,0,0.893,0.029,0.0,0.002,0.001,bis_excursion
5155,100,,0,,78.0,317,73.0,,0,0.77,0.017,0.0,0.002,0.0,bis_excursion
4599,192,,0,,159.0,263,77.0,,0,0.397,0.0,0.0,0.007,0.013,bis_excursion
4530,105,,0,,75.0,212,86.0,,0,0.461,0.002,0.0,0.009,0.038,bis_excursion
3680,79,,0,,55.0,415,77.0,,0,0.754,0.001,0.0,0.003,0.0,bis_excursion
6254,153,,0,,50.0,310,80.0,,0,0.7,0.002,0.0,0.004,0.014,bis_excursion
4172,115,,0,,48.0,244,80.0,,0,0.778,0.0,0.0,0.003,0.036,bis_excursion
2213,86,,0,,,0,,46.0,208,0.777,0.006,0.002,0.004,0.085,sensor_noise
6185,140,,0,,,0,,35.0,198,0.802,0.0,0.0,0.004,0.024,sensor_noise
5118,105,,0,,,0,,20.0,263,0.812,0.241,0.0,0.0,0.118,sensor_noise
2409,75,,0,,,0,,57.0,165,0.726,0.057,0.0,0.007,0.12,sensor_noise
4794,95,,0,,,0,,32.0,708,0.834,0.0,0.0,0.001,0.144,sensor_noise
5217,95,,0,,,0,,18.0,224,0.802,0.267,0.004,0.005,0.197,sensor_noise
4011,110,,0,,,0,,57.0,130,0.97,0.008,0.0,0.008,0.085,sensor_noise
3222,210,,0,,,0,,179.0,280,0.963,0.278,0.0,0.0,0.025,sensor_noise
1944,185,,0,,,0,,40.0,121,0.936,0.052,0.0,0.0,0.112,sensor_noise
2357,159,,0,,,0,,15.0,249,0.819,0.003,0.0,0.004,0.081,sensor_noise
1458,65,,0,,,0,,39.0,614,0.826,0.355,0.001,0.008,0.166,sensor_noise
2393,210,,0,,,0,,87.0,137,0.778,0.031,0.0,0.001,0.027,sensor_noise
1392,155,,0,,,0,,45.0,125,0.833,0.0,0.0,0.007,0.063,sensor_noise
3777,80,,0,,,0,,30.0,216,0.799,0.118,0.0,0.008,0.104,sensor_noise
5285,95,,0,,,0,,60.0,537,0.725,0.012,0.0,0.002,0.213,sensor_noise
830,120,,0,,,0,,17.0,130,0.975,0.001,0.0,0.001,0.05,sensor_noise
1144,95,,0,,,0,,60.0,388,0.762,0.0,0.0,0.006,0.142,sensor_noise
3763,185,,0,,,0,,,0,0.922,0.003,0.0,0.0,0.006,stable
287,90,,0,,,0,,,0,0.995,0.0,0.0,0.0,0.001,stable
